24-06-2017	(08:33:00)
24-06-2017	(08:38:00)
24-06-2017	(08:43:00)
24-06-2017	(08:48:00)
24-06-2017	(08:53:00)
24-06-2017	(08:58:00)
24-06-2017	(09:03:00)
24-06-2017	(09:08:00)
24-06-2017	(09:13:00)
24-06-2017	(09:18:00)
24-06-2017	(09:38:00)
24-06-2017	(09:43:00)
24-06-2017	(10:38:00)
24-06-2017	(10:43:00)
24-06-2017	(10:48:00)
24-06-2017	(10:53:00)
24-06-2017	(10:58:00)
24-06-2017	(11:03:00)
24-06-2017	(11:08:00)
24-06-2017	(11:13:00)
24-06-2017	(11:18:00)
24-06-2017	(11:28:00)
24-06-2017	(11:33:00)
24-06-2017	(11:43:00)
24-06-2017	(11:48:00)
24-06-2017	(20:58:00)
24-06-2017	(21:03:00)
24-06-2017	(21:08:00)
24-06-2017	(21:13:00)
24-06-2017	(21:18:00)
24-06-2017	(21:23:00)
24-06-2017	(21:28:00)
24-06-2017	(21:33:00)
24-06-2017	(21:38:00)
24-06-2017	(21:43:00)
24-06-2017	(21:48:00)
